date,year,quarter,month,week_of_year,is_holiday_period,tv_spend,digital_display_spend,search_spend,social_media_spend,video_spend,email_spend,tv_grps,digital_impressions,digital_clicks,search_impressions,search_clicks,social_impressions,social_engagements,email_opens,email_clicks,price_index,competitor_price_index,promotion_flag,gdp_index,consumer_confidence,market_size,revenue,units_sold,new_customers,website_visits,conversion_rate
2020-01-05,2020,1,1,1,False,104967.14,69263.66,43537.89,29245.28,57404.0,10883.66,109.59,1213720,25997,481576,30858,1831835,57500,61861,9246,100.27,97.39,True,99.9,74.6,11250822.52,2212110.46,45064,4831,496932,0.0907
2020-01-12,2020,1,1,2,False,99623.93,53507.91,43089.63,31189.34,37843.33,10682.47,93.69,1019582,23939,545047,27299,2197138,90578,50950,7361,100.11,96.59,False,101.1,68.91,9031422.68,2272343.82,46135,4829,549033,0.084
2020-01-19,2020,1,1,3,False,108489.2,56981.03,51587.71,38272.92,54533.5,8483.9,114.23,1125231,27572,618848,33008,2311709,101063,51011,6048,100.89,104.61,False,100.51,70.75,10298865.35,2329010.16,43373,4373,480203,0.0903
2020-01-26,2020,1,1,4,False,118246.71,56715.55,52500.39,22401.37,45772.99,11566.97,114.54,1175721,32318,637024,40935,1443532,52703,60203,6607,98.79,97.05,True,101.74,75.82,9474850.59,2428649.54,48776,7008,526219,0.0927
2020-02-02,2020,1,2,5,False,101676.49,55833.83,47395.74,42575.27,47911.0,11500.67,97.65,1100045,29163,574822,36402,2656130,89991,54096,6733,106.22,101.82,False,101.03,68.03,10286164.68,2314305.52,47491,5310,555484,0.0855
2020-02-09,2020,1,2,6,False,102674.97,51617.3,50933.45,33282.99,54521.52,9525.16,101.59,962739,25232,613287,42513,2082340,76038,58876,8070,104.77,104.48,True,102.36,70.49,10039975.63,2508791.06,48664,5381,534621,0.091
2020-02-16,2020,1,2,7,False,121802.66,57587.3,48821.44,32491.97,40950.53,10576.67,117.6,1126180,26491,620856,40492,2193955,89626,53343,6648,103.28,103.95,False,100.52,67.18,10613948.8,2186534.52,43829,5995,479657,0.0914
2020-02-23,2020,1,2,8,False,114674.15,50505.92,49002.1,29789.92,53792.65,10705.04,110.44,1066903,30315,557702,38490,1793175,54038,60007,7450,102.55,104.89,False,101.27,67.57,10356321.85,2350089.07,49768,5773,546484,0.0911
2020-03-01,2020,1,3,9,False,103288.57,53739.21,39421.68,26727.71,52856.46,10501.83,104.98,1021290,25239,471332,30189,1933928,75117,58726,8333,102.3,104.51,False,102.11,68.66,10065639.24,2240780.81,43024,5391,503106,0.0855
2020-03-08,2020,1,3,10,False,114385.88,53022.54,41546.02,42373.22,56245.0,9720.99,105.26,1035240,30840,486085,27201,2425766,95088,51092,6032,101.14,107.9,False,100.87,71.19,10156918.26,2491238.99,51359,5553,599050,0.0857
2020-03-15,2020,1,3,11,False,105295.72,56354.9,39959.89,38632.57,55387.08,9629.82,104.53,1088094,28661,493004,25689,2460407,97346,52452,7500,103.5,101.42,False,100.81,72.12,11561235.86,2369556.59,47308,7001,511266,0.0925
2020-03-22,2020,1,3,12,False,106234.07,67982.7,29288.34,31190.64,73470.99,10306.03,97.26,1200692,25529,437824,28737,2056665,69166,54186,6520,104.15,102.46,False,101.13,75.88,10874167.45,2301350.68,46152,6580,492293,0.0938
2020-03-29,2020,1,3,13,False,114263.54,47502.49,29572.98,31875.18,49466.8,11534.46,109.23,997181,26686,417921,26280,1991315,81068,49533,5766,101.43,102.38,False,101.17,70.36,9858145.42,2383381.37,47232,6763,518799,0.091
2020-04-05,2020,2,4,14,False,93653.95,60663.2,26535.43,38321.98,51044.95,10935.48,90.99,1138855,26479,387368,19741,2333176,73193,53516,6566,104.86,107.39,False,102.59,76.79,11040760.73,2508504.53,54989,6617,612888,0.0897
2020-04-12,2020,2,4,15,False,96469.94,49523.49,32415.01,51016.06,51014.9,10051.4,93.84,1014295,27247,386086,22084,2968912,97941,55551,7672,104.14,107.8,True,100.39,77.99,10723487.28,2585727.2,52417,7239,549157,0.0955
2020-04-19,2020,2,4,16,False,109017.37,55543.4,36918.15,40082.32,52245.06,11223.86,112.41,1032000,21358,455381,31483,2460284,106190,61839,6573,100.87,106.65,False,100.83,73.59,10877835.95,2405500.5,46038,4935,533490,0.0863
2020-04-26,2020,2,4,17,False,105421.08,63623.68,41593.13,33230.21,52259.28,7633.77,109.22,1161861,25269,467966,28081,2206856,90659,37786,4149,103.2,109.03,True,104.4,72.26,11339390.42,2480358.29,47217,4742,518112,0.0911
2020-05-03,2020,2,5,18,False,119588.28,58735.47,40112.08,41353.79,67519.59,11661.22,116.39,1155431,32996,530261,31102,2701479,81601,58323,8606,104.31,102.13,False,101.97,77.06,11574122.81,2567916.88,53478,5401,570517,0.0937
2020-05-10,2020,2,5,19,False,108248.55,53219.46,47704.7,41739.85,69999.13,8802.88,100.24,1026007,22851,605256,35803,2363751,79719,46485,5056,109.11,110.84,True,103.04,75.96,10605269.26,2624435.57,50624,6547,517060,0.0979
2020-05-17,2020,2,5,20,False,104074.57,55184.83,41358.78,27710.52,54674.34,10210.3,101.25,1157854,32848,531318,28785,2053613,68213,50144,6437,106.63,110.58,True,101.51,78.41,11071027.14,2664926.63,54972,6749,575988,0.0954
2020-05-24,2020,2,5,21,False,133708.05,62271.93,42478.53,44048.43,53163.33,9483.21,128.61,1146090,26122,496821,28504,2627391,89494,49956,6442,103.01,108.38,False,103.24,85.49,10863073.99,2621979.44,53237,6702,633445,0.084
2020-05-31,2020,2,5,22,False,117632.2,55294.86,48655.94,43436.84,64151.12,9338.35,112.75,1084235,28655,610536,35042,2501589,84337,48750,6068,106.8,111.68,False,102.58,78.3,11483755.47,2678178.31,54262,5446,575735,0.0942
2020-06-07,2020,2,6,23,False,121387.43,60062.95,50199.16,49413.1,56494.57,11824.0,126.13,1183590,31887,579827,29598,2703153,83629,58928,7792,102.87,101.51,False,101.88,75.07,11117285.5,2727135.4,54306,6578,561403,0.0967
2020-06-14,2020,2,6,24,False,107269.96,59205.05,48141.09,56707.58,66482.5,10225.62,107.0,1054650,26499,538870,35215,3104245,114497,57995,6466,108.24,105.05,True,104.93,74.11,11295051.42,2779929.38,53457,7265,583826,0.0916
2020-06-21,2020,2,6,25,False,116861.39,55679.99,40308.42,52715.33,63522.53,11069.97,112.48,990187,22826,478585,27915,3059734,125421,57608,7352,105.23,104.55,False,104.92,74.59,11191106.94,2649302.13,52431,6403,556513,0.0942
2020-06-28,2020,2,6,26,False,124184.07,69584.75,43825.49,44648.47,50226.04,10706.69,114.83,1184037,26198,522257,34700,2629104,102800,54000,6404,106.06,109.05,False,103.78,71.81,11317795.09,2688375.62,54040,7382,544201,0.0993
2020-07-05,2020,3,7,27,False,107362.74,61930.13,37392.84,39892.09,75156.98,11260.79,105.77,1224717,24900,478197,32042,2592667,103947,63656,8471,108.96,103.86,False,105.03,84.06,12266539.07,2679067.19,51585,5759,549192,0.0939
2020-07-12,2020,3,7,28,False,123331.9,48501.31,40528.67,62204.37,77540.47,10890.72,115.05,951329,21918,500583,27151,3186995,99489,58627,6276,103.77,109.39,True,106.07,68.49,12651664.99,2656848.41,54899,7722,608738,0.0902
2020-07-19,2020,3,7,29,False,114251.65,59399.52,37201.54,47316.05,58638.7,9561.05,113.32,1256065,33325,439931,27780,2750174,121756,47991,6168,103.58,111.34,False,105.06,82.34,11685567.54,2861702.95,57411,7430,637462,0.0901
2020-07-26,2020,3,7,30,False,118004.54,54975.23,31553.68,47204.63,60777.55,11870.45,117.07,1040443,30571,453842,26978,2621606,111621,50290,5494,105.21,109.41,True,104.93,75.8,11486410.27,2928638.87,56329,6226,603460,0.0933
2020-08-02,2020,3,8,31,False,115547.66,62343.08,32023.94,47100.73,66474.46,10410.57,106.72,1176232,33772,424152,28674,2778975,116929,46489,5296,108.44,108.26,False,104.79,77.8,10776548.58,2942829.78,57636,6445,627924,0.0918
2020-08-09,2020,3,8,32,False,140710.08,53898.22,30612.28,48522.98,67141.46,9377.89,120.35,1131062,31285,396780,21551,2889013,122334,52467,5820,103.29,104.53,False,105.38,76.08,11230693.17,2988568.0,60907,8003,726688,0.0838
2020-08-16,2020,3,8,33,False,122653.73,57053.67,34835.78,46522.46,69982.06,10536.5,106.18,1197084,33380,481642,30611,2676922,117759,48711,5316,100.62,105.02,False,104.5,88.0,11582599.71,2681235.84,57079,8076,613867,0.093
2020-08-23,2020,3,8,34,False,112791.37,59908.99,39978.84,43966.69,81012.68,12495.52,111.33,1237995,32992,470229,29227,2353134,89804,53398,7544,105.32,111.38,False,104.72,81.05,11321999.76,2764008.25,54601,6594,574211,0.0951
2020-08-30,2020,3,8,35,False,132151.64,61463.36,36836.47,44114.27,63702.1,11875.13,116.03,1215871,27482,431256,24109,2639588,87117,52601,6011,107.24,110.03,False,105.58,85.09,11406612.16,3064863.04,65428,7387,686148,0.0954
2020-09-06,2020,3,9,36,False,112252.98,50881.16,44234.85,47153.36,58887.15,10706.4,97.66,1063506,30918,568304,29967,2788431,109450,49010,7172,108.44,107.62,False,104.78,87.81,12529726.78,2815415.52,56791,8141,619904,0.0916
2020-09-13,2020,3,9,37,False,127062.38,54959.43,43935.67,44012.56,54364.04,10735.93,120.2,1098067,29326,581234,36636,2655893,109272,56801,8434,105.0,106.53,False,105.02,82.27,11785307.46,2847048.99,54376,7257,626367,0.0868
2020-09-20,2020,3,9,38,False,105866.11,54011.44,45468.36,42889.23,59645.48,10793.7,116.54,1094424,28022,535368,34676,2692133,110562,51962,6680,104.97,101.74,False,105.52,75.62,11857282.22,2660438.04,51968,6361,541092,0.096
2020-09-27,2020,3,9,39,False,112646.39,52882.38,49068.17,47669.36,65291.62,13222.23,108.66,1012453,21372,575734,32421,2658642,100554,53935,5779,107.96,104.63,False,106.79,80.62,11486704.41,2851198.63,62046,7718,708482,0.0876
2020-10-04,2020,4,10,40,False,159930.78,64751.35,46853.65,45338.08,79946.37,11557.56,143.11,1157471,28323,529865,33326,2738378,84963,55487,6587,101.76,113.59,False,104.63,78.13,12436531.43,3050962.69,60533,6671,607899,0.0996
2020-10-11,2020,4,10,41,False,165868.33,57739.75,47828.8,55703.26,61452.08,11635.81,142.92,1105827,27207,566781,32818,3203585,113940,56705,7932,104.55,104.03,False,106.65,79.42,11763743.17,2997721.37,60729,7976,658180,0.0923
2020-10-18,2020,4,10,42,False,160688.13,49220.26,44454.31,30560.65,67356.45,12266.2,138.88,980548,28088,526461,33832,1848232,80973,55288,6544,105.52,108.45,False,106.8,81.55,11630167.8,2816815.45,59360,7000,685718,0.0866
2020-10-25,2020,4,10,43,False,158277.7,59946.1,51722.06,52780.17,65378.4,11504.85,142.5,1112751,28337,595997,32174,3002089,116381,60934,6358,105.85,110.9,False,106.92,81.43,11119066.32,2856469.82,56373,8443,601930,0.0937
2020-11-01,2020,4,11,44,False,156851.52,65824.99,43230.42,53451.57,74931.46,11037.16,135.59,1247075,29685,538166,36490,2946103,112172,51471,6580,103.73,104.1,False,105.44,84.22,11895990.65,2786857.22,56855,7050,632657,0.0899
2020-11-08,2020,4,11,45,False,145474.07,60262.08,38196.88,33259.77,85525.69,11130.0,131.34,1187363,35345,456660,25457,2141601,72884,59432,8454,104.6,108.41,True,104.67,84.99,11665854.63,2913607.94,59426,7386,618625,0.0961
2020-11-15,2020,4,11,46,False,153425.69,47419.16,38358.24,43352.09,60921.11,11284.89,136.54,968002,20431,476499,27329,2622695,93175,57398,8024,99.34,110.65,False,107.04,81.57,12797743.71,2725936.82,54249,6959,623001,0.0871
2020-11-22,2020,4,11,47,False,156350.47,52544.15,35390.2,42872.69,61082.9,11349.41,133.39,1109228,26871,413835,21172,2519138,109406,59265,6445,102.77,107.84,False,106.78,84.28,12889189.16,2904560.01,59582,8689,602058,0.099
2020-11-29,2020,4,11,48,False,171828.49,61284.31,33930.85,36336.45,73155.23,12144.41,151.03,1096011,22380,436724,22810,2219527,88774,51791,6921,104.76,116.38,True,107.7,79.53,11359590.58,3169275.95,63143,8842,739102,0.0854
2020-12-06,2020,4,12,49,False,164961.39,51432.73,36312.37,39783.95,70034.51,11498.87,141.09,1010290,27680,464932,28043,2440331,102032,55626,6175,101.64,102.73,True,106.11,88.84,11424341.13,3060037.25,62688,7682,651734,0.0962
2020-12-13,2020,4,12,50,False,144130.14,57249.86,37650.65,37447.99,79105.12,12209.71,125.38,1063577,31036,484981,26844,2227126,81992,57235,6347,103.48,110.87,False,107.68,79.42,11853633.3,3057087.98,62487,8494,734154,0.0851
2020-12-20,2020,4,12,51,False,165204.01,59003.15,35615.53,54279.09,68730.45,11426.49,144.79,1029553,23474,466962,31150,2920338,115218,47781,6866,104.01,107.13,False,108.07,88.21,11588332.16,3050235.88,58674,7587,628112,0.0934
2020-12-27,2020,4,12,52,False,158282.18,50634.9,37997.97,49029.15,60888.59,11615.99,133.42,1004737,28718,504945,25395,2888678,97422,61052,6867,102.18,109.91,False,107.03,74.8,12107795.86,2864250.75,54881,6839,628143,0.0874
2021-01-03,2021,1,1,53,False,128455.78,55152.37,41787.34,50691.83,68169.34,9569.3,119.3,1064977,24411,477044,27469,2772485,112512,44395,5023,102.95,108.87,True,107.64,80.22,11836688.26,2954998.89,63435,6953,674856,0.094
2021-01-10,2021,1,1,1,False,141428.56,39465.14,38593.82,47039.95,71973.13,12513.97,127.42,923037,26867,450473,25562,2806765,102205,55450,5546,100.44,105.28,False,107.71,80.4,12139353.74,2857530.67,55492,6836,655465,0.0847
2021-01-17,2021,1,1,2,False,145681.22,50811.89,43472.39,35585.23,69305.99,11974.28,135.56,1042879,28720,543225,27371,2300155,84273,51654,7414,101.7,108.11,True,106.6,83.37,12504397.87,2857145.95,54115,6076,554861,0.0975
2021-01-24,2021,1,1,3,False,144716.14,54973.69,53947.49,38866.43,66419.25,12655.94,131.9,1017425,28537,565490,29681,2224857,88415,62468,8722,103.08,101.78,False,108.05,86.19,11459682.36,2941212.79,55374,8070,573517,0.0966
2021-01-31,2021,1,1,4,False,127016.01,50339.85,55690.04,44610.4,70494.75,8791.82,118.1,1097457,22146,634918,36998,2572525,113304,38060,4999,101.93,109.1,True,109.23,75.53,12483023.36,2741242.88,53706,6271,590027,0.091
2021-02-07,2021,1,2,5,False,132293.74,65121.42,49884.13,34010.71,70898.53,13806.6,125.73,1264223,37456,554074,33165,2303026,71301,65755,9042,100.2,108.11,True,107.73,76.12,11612904.62,3083062.78,64384,9503,654395,0.0984
2021-02-14,2021,1,2,6,False,138649.12,50226.16,51227.48,45301.65,72167.92,11608.78,132.65,1032268,28146,633859,36818,2570738,108925,60726,6534,101.59,109.07,True,106.33,74.52,13041481.24,3018869.25,58893,7459,612017,0.0962
2021-02-21,2021,1,2,7,False,145015.62,55629.25,48442.45,39274.83,65851.68,12886.69,132.5,1066215,24573,577985,35036,2368604,81446,62398,7669,102.34,110.25,False,107.2,88.0,12765941.82,2985458.64,61860,8139,735363,0.0841
2021-02-28,2021,1,2,8,False,130365.36,58968.84,54165.59,38175.96,58862.52,10768.75,120.45,1074451,30400,612728,37929,2413750,88485,56223,6609,96.59,108.11,True,106.19,82.73,11885343.47,3134687.5,63565,8082,759800,0.0837
2021-03-07,2021,1,3,9,False,133170.86,66037.88,45459.09,44415.7,60897.99,12451.57,115.65,1196389,27295,577535,28991,2710549,82207,62092,6500,102.8,107.37,False,109.35,75.66,11444749.88,2933441.17,57783,6152,621317,0.093
2021-03-14,2021,1,3,10,False,123808.08,52196.71,39013.37,42559.45,68889.83,10815.53,110.8,1084992,31169,464749,27551,2529560,87309,48073,5975,99.6,104.21,False,108.9,78.7,11332008.74,3072739.73,63498,7543,752243,0.0844
2021-03-21,2021,1,3,11,False,122727.22,65761.65,34310.44,37492.74,52205.69,11275.32,113.89,1305669,27583,427247,29595,2278053,85516,61556,8989,100.93,104.65,False,107.72,86.64,12327413.88,2968200.76,62217,6530,689965,0.0902
2021-03-28,2021,1,3,12,False,142606.51,60589.09,30915.92,46401.68,61185.28,13843.26,125.16,1221085,33014,385962,23304,2856292,88095,60481,6169,102.29,110.27,False,106.88,79.15,11854831.1,2810120.78,55174,7236,581510,0.0949
2021-04-04,2021,2,4,13,False,147810.04,56241.54,35876.02,32770.68,54576.52,11768.69,130.52,1061385,26966,441704,28070,2301465,85997,55705,6382,96.99,110.95,False,107.55,78.65,12311192.51,2870337.65,53417,6535,609211,0.0877
2021-04-11,2021,2,4,14,False,133268.62,64086.46,33566.68,42789.83,57434.52,12206.95,122.55,1133773,23769,443773,24956,2662272,116891,55827,6162,98.15,105.86,True,107.82,76.22,12925914.18,2752874.78,52449,7285,593610,0.0884
2021-04-18,2021,2,4,15,False,143740.18,63410.32,33111.26,42517.3,66908.88,12889.73,131.56,1187998,26633,450385,29491,2561474,80893,62180,6958,98.85,106.64,False,108.64,74.78,11412984.76,2787214.49,54210,6018,649350,0.0835
2021-04-25,2021,2,4,16,False,137012.73,60061.62,37758.84,36994.61,57683.51,12545.49,124.31,1048521,21100,504256,33007,2235192,92685,55911,8130,97.73,103.72,True,108.68,85.59,11155842.93,2955222.67,56876,6155,598917,0.095
2021-05-02,2021,2,5,17,False,126612.46,64064.34,39257.65,40731.92,55997.8,12230.37,120.39,1205625,29764,447868,27062,2394374,86544,57902,7145,102.66,109.89,True,110.02,87.81,11838312.16,3050010.76,59482,7156,674780,0.0882
2021-05-09,2021,2,5,18,False,136321.05,62442.63,50492.78,31222.89,44218.59,12475.06,124.54,1160929,26716,584260,40617,2108976,83995,52194,6436,97.38,108.31,False,108.05,74.27,12283942.35,2788218.38,54778,8015,553485,0.099
2021-05-16,2021,2,5,19,False,147707.47,65588.18,50756.5,44260.5,60539.52,14543.66,121.52,1185900,30813,563003,29563,2667608,90441,70812,9774,97.9,112.08,False,107.31,85.97,11209301.22,2762702.04,53336,7228,545491,0.0978
2021-05-23,2021,2,5,20,False,131565.87,68976.46,50177.26,37626.96,59207.75,12112.77,116.47,1172862,26943,580847,29239,2483819,80456,60533,6520,99.35,103.57,False,107.72,76.25,11663280.1,2662572.24,56334,6813,563790,0.0999
2021-05-30,2021,2,5,21,False,147145.07,74231.29,55874.92,35654.19,70828.0,12401.63,130.33,1344337,30918,690154,45138,2321998,75248,56669,7047,96.49,105.02,False,108.92,81.09,12295924.1,2813715.61,55828,7026,669885,0.0833
2021-06-06,2021,2,6,22,False,104853.63,60734.14,51891.56,45173.58,50542.92,13281.33,97.32,1119205,30701,607219,40163,2513262,78055,58641,7124,98.07,106.81,False,108.28,85.2,10757928.04,3058249.55,61363,6394,712097,0.0862
2021-06-13,2021,2,6,23,False,138801.01,78193.56,48267.82,34777.88,54248.0,13366.34,128.8,1309046,26811,592766,31063,2323173,76164,64483,8372,99.48,108.01,True,108.78,77.15,11654054.14,2965273.15,59118,8822,684209,0.0864
2021-06-20,2021,2,6,24,False,130962.33,58352.96,53692.62,30713.49,53987.33,13477.99,128.44,970591,28175,663441,36696,1933372,77263,58081,8710,98.19,105.39,True,108.68,75.95,11226969.95,3017106.24,61476,8196,677439,0.0907
2021-06-27,2021,2,6,25,False,126591.17,67916.18,48322.08,30021.02,64118.52,12959.84,124.04,1237712,35302,598912,30155,1962583,84833,60576,8388,98.69,103.39,True,110.18,81.31,11518360.2,2835643.65,55556,6348,588903,0.0943
2021-07-04,2021,3,7,26,False,124806.28,72152.12,40807.01,43229.81,50253.63,11208.25,115.71,1381305,36850,495842,27700,2607835,110081,59962,7189,97.86,108.63,True,108.66,71.46,11769105.71,2734622.01,56542,7310,582529,0.0971
2021-07-11,2021,3,7,27,False,103485.08,71121.91,40561.14,32180.62,52777.06,14014.83,109.88,1362807,35340,473003,30964,2300253,92647,59269,8379,95.95,108.14,False,108.93,82.45,11481259.1,2681097.41,54791,5779,579115,0.0946
2021-07-18,2021,3,7,28,False,120618.14,67078.34,36087.39,50697.83,54950.02,11265.19,114.77,1205513,34867,464486,28036,3198596,101256,56191,6098,99.7,103.21,False,110.08,77.13,10821134.12,2765314.27,56791,8421,610620,0.093
2021-07-25,2021,3,7,29,False,125822.64,69592.35,32837.42,28019.58,51135.98,12744.32,115.76,1230305,26886,421305,23998,1967310,67553,60829,6175,102.66,110.02,True,108.85,73.22,11029802.61,2645220.23,51137,5560,588723,0.0869
2021-08-01,2021,3,8,30,False,136450.29,68573.34,38956.57,51067.88,45643.43,11717.55,121.24,1270907,26421,452720,26001,2884022,99923,55380,6104,99.3,109.47,False,109.9,72.78,11946734.24,2650412.04,53033,7021,587570,0.0903
2021-08-08,2021,3,8,31,False,115892.28,68459.48,42130.67,42568.66,50356.13,12437.83,109.36,1196099,26786,524520,26240,2608551,88036,55730,6521,99.85,106.37,False,109.86,68.58,11349790.83,2671071.03,54424,6110,552680,0.0985
2021-08-15,2021,3,8,32,False,112378.1,75983.49,33440.62,41170.52,56998.85,12860.88,106.57,1355458,37879,447729,25071,2584828,97512,65703,8247,100.93,106.23,True,109.72,72.5,11556289.06,2686962.04,54554,7412,547508,0.0996
2021-08-22,2021,3,8,33,False,114818.59,73809.89,41414.82,38963.65,39823.04,12883.62,111.01,1351716,27502,556542,35022,2369567,90122,56715,7415,97.17,107.67,True,108.49,73.55,11211045.62,2600366.76,51999,7219,530635,0.098
2021-08-29,2021,3,8,34,False,128349.04,68809.02,40454.22,45143.62,48744.37,13014.32,119.89,1311815,33881,494923,34389,2841855,100468,51066,7431,103.3,103.46,True,110.91,69.26,11439233.66,2819013.08,52944,7077,572915,0.0924
2021-09-05,2021,3,9,35,False,121827.8,76979.37,43873.83,43070.95,41746.19,14236.26,114.84,1347634,40367,540426,36176,2599175,91768,67227,8436,100.5,106.17,True,111.95,74.02,10784436.18,2808766.18,59098,7725,701284,0.0843
2021-09-12,2021,3,9,36,False,112575.04,74184.66,46361.76,50495.74,56596.17,13106.23,110.83,1307893,37349,537784,27142,2929316,124286,54416,6805,103.57,99.67,True,109.78,76.3,10545690.52,2856557.3,55628,8045,627195,0.0887
2021-09-19,2021,3,9,37,False,122325.46,76838.52,47867.51,45170.5,34562.0,12438.68,121.1,1307010,32955,588794,40021,2730036,114223,61711,6326,99.07,108.81,False,108.77,72.56,11257384.27,2559671.34,50245,5222,583026,0.0862
2021-09-26,2021,3,9,38,False,117472.2,76008.29,52147.33,46024.88,42011.76,13677.07,116.68,1299331,26813,598876,39324,2740767,94876,68928,7013,104.42,101.56,True,109.89,76.63,11384512.62,2832550.36,58725,6844,642026,0.0915
2021-10-03,2021,4,10,39,False,154435.55,68761.92,50079.02,43606.63,49261.28,13932.6,128.13,1238545,35067,555862,36468,2682449,117241,66214,8446,102.59,110.83,False,110.9,68.97,10308226.21,2802164.33,52937,5950,567663,0.0933
2021-10-10,2021,4,10,40,False,136838.32,70114.84,52913.62,46137.68,58553.82,11545.66,111.78,1285401,33407,607833,35959,2641511,116998,60649,7393,102.41,105.41,False,109.34,77.72,10421237.37,2671395.03,52299,7813,534335,0.0979
2021-10-17,2021,4,10,41,False,139680.33,76624.72,50509.73,49041.4,45316.02,13400.81,131.03,1393956,29481,598458,34686,2765403,96515,71471,10145,102.06,105.85,False,109.87,73.01,10570792.36,2567262.34,52409,6261,615911,0.0851
2021-10-24,2021,4,10,42,False,138123.26,75878.15,47723.54,37671.32,41239.87,13534.73,118.53,1298909,27197,572153,32073,2235577,78952,66633,7198,101.39,104.69,False,110.38,79.82,11404918.41,2642122.67,57088,7800,660303,0.0865
2021-10-31,2021,4,10,43,False,126486.81,72627.54,43014.44,40601.69,60597.85,12566.14,116.75,1373283,39957,552234,28337,2515822,94555,60322,6107,104.59,105.81,True,111.29,83.87,10818631.46,2653023.25,52578,7057,543464,0.0967
2021-11-07,2021,4,11,44,False,143151.95,73194.56,41178.24,53927.74,33859.88,14269.55,122.7,1292182,34490,474063,25867,3093076,136456,72299,8853,102.78,111.04,False,110.9,69.15,9816587.91,2500816.73,50106,5541,552394,0.0907
2021-11-14,2021,4,11,45,False,141862.23,78844.9,42594.97,51287.65,27777.72,12773.93,118.72,1374437,38886,501422,27544,2956856,127572,68120,7620,98.89,99.44,False,110.98,69.07,10373270.81,2634660.82,54959,6152,603162,0.0911
2021-11-21,2021,4,11,46,False,138356.85,69323.06,39842.44,49967.84,48841.73,13079.71,128.22,1219639,35113,514615,30713,3025885,95431,69181,7089,100.92,110.86,True,109.78,69.7,10237570.7,2641075.66,55122,6287,620139,0.0889
2021-11-28,2021,4,11,47,False,135007.97,74819.52,34273.6,52004.56,41288.28,12811.21,127.18,1204751,30983,430613,27967,2938944,105481,57007,7766,103.11,108.18,True,110.65,73.63,9714294.23,2763925.52,53422,6440,635321,0.0841
2021-12-05,2021,4,12,48,False,122243.31,70858.22,37380.36,54812.53,37147.95,13030.0,112.21,1320623,33245,482858,28718,3116601,119367,53406,5638,104.45,103.68,False,109.57,77.01,10188677.4,2477470.59,53754,6005,599875,0.0896
2021-12-12,2021,4,12,49,False,131229.78,70551.37,40244.79,50330.29,51028.06,11948.29,108.0,1309392,31823,441646,22593,2763764,103771,53868,7025,104.06,104.22,False,111.18,66.85,10035979.03,2465096.21,48689,4916,539504,0.0902
2021-12-19,2021,4,12,50,False,131045.33,76893.24,34811.32,49747.4,47385.52,11634.66,118.1,1337516,30989,521560,36068,2810893,92500,59108,6741,106.96,112.63,False,111.52,71.75,9939940.73,2440367.02,49176,7079,496709,0.099
2021-12-26,2021,4,12,51,False,125483.96,75278.61,43968.0,56445.08,41027.05,14699.36,119.18,1335002,32501,527481,36319,3182584,136476,66271,7202,100.97,104.93,False,110.96,68.91,9856715.37,2372238.68,46519,6897,471049,0.0988
2022-01-02,2022,1,1,52,False,108837.14,74967.55,43237.13,50254.76,35432.56,12288.04,98.71,1353595,37547,557841,36652,2954826,118648,56725,6749,105.51,104.47,False,110.08,72.44,10735696.77,2540792.6,51421,6020,533479,0.0964
2022-01-09,2022,1,1,1,False,113684.9,77175.86,49823.88,59429.5,52820.78,12173.75,110.31,1276931,33224,574665,40126,3197957,136132,60183,8430,101.94,111.52,True,110.29,76.66,9757742.39,2794051.92,55233,6458,555917,0.0994
2022-01-16,2022,1,1,2,False,127701.47,70505.67,48340.68,47617.27,51239.6,11041.9,118.59,1245520,36026,581250,35392,2756472,118201,46238,5530,107.45,109.3,False,112.34,67.68,9904078.53,2400053.84,49470,4964,568257,0.0871
2022-01-23,2022,1,1,3,False,109782.25,73569.99,47044.72,64856.09,45472.13,12586.47,109.65,1350136,32988,597423,41374,3279133,135183,59441,8175,106.09,105.66,True,110.22,60.31,9789619.89,2430588.9,48707,6527,557539,0.0874
2022-01-30,2022,1,1,4,False,109811.33,68379.49,48485.01,62358.55,61296.68,11932.49,107.37,1182284,30823,601220,30970,3302189,120821,62174,6607,107.46,109.32,True,111.66,72.16,9506418.21,2443710.61,47936,6772,492408,0.0974
2022-02-06,2022,1,2,5,False,105694.01,71336.8,53387.99,61892.22,38251.24,14927.74,99.09,1297128,34131,606870,34781,3409437,133507,68932,9556,105.24,105.78,False,110.99,64.07,9738823.36,2318545.29,46092,4947,538001,0.0857
2022-02-13,2022,1,2,6,False,86457.52,68868.36,52889.48,67074.41,34926.06,14325.68,96.3,1183394,30669,604594,32955,3570170,115693,67764,7579,109.86,112.37,False,110.36,67.33,9672165.22,2534231.66,49925,5391,514707,0.097
2022-02-20,2022,1,2,7,False,104591.79,69828.4,47408.25,71980.39,41943.0,12657.86,102.4,1286729,34775,588241,31716,3740650,150017,66955,8963,109.71,112.46,False,109.39,71.79,9620116.06,2285750.42,47477,6623,503370,0.0943
2022-02-27,2022,1,2,8,False,104676.68,72167.86,49457.23,68868.07,47490.84,15628.59,103.11,1291108,28887,638412,33718,3583119,117127,68015,8725,109.12,111.08,False,110.99,69.17,9091752.1,2289909.03,46906,6136,492421,0.0953
2022-03-06,2022,1,3,9,False,127930.79,64976.85,39728.31,52513.95,50208.29,14388.06,114.15,1120544,28152,502427,31375,2960336,119624,61236,8968,108.0,110.78,False,110.91,67.01,9359874.01,2200882.25,45050,4606,484053,0.0931
2022-03-13,2022,1,3,10,False,100606.11,79435.63,41811.38,56640.2,46766.0,13111.61,98.21,1440949,30320,564670,37057,3054527,102155,66388,7924,109.73,115.2,True,112.67,64.48,9785154.83,2444263.05,49431,6481,519496,0.0952
2022-03-20,2022,1,3,11,False,104784.68,63881.66,36156.51,61306.5,51974.33,10967.18,98.9,1150362,27430,459828,28309,3368255,106986,59193,6115,107.45,110.14,True,110.04,52.72,9257686.11,2352697.15,44628,5152,489929,0.0911
2022-03-27,2022,1,3,12,False,100670.5,62813.32,36392.25,65927.2,39634.62,15787.67,99.6,1132647,28176,491786,26034,3512583,114086,71623,7230,110.85,106.82,True,113.24,70.58,9371681.18,2272180.25,46096,5459,498526,0.0925
2022-04-03,2022,2,4,13,False,88588.97,74683.66,38020.32,69567.65,61712.45,12137.3,100.43,1334305,35388,510075,33778,3652749,109691,56458,7980,112.71,111.94,False,111.37,65.7,9318151.64,2169355.99,45466,6296,544381,0.0835
2022-04-10,2022,2,4,14,False,110972.57,72898.17,35867.0,62772.47,50046.12,11911.62,100.7,1359466,40111,453000,28411,3300782,134609,56520,7134,111.81,117.08,False,111.41,74.43,9387871.95,2422978.71,47431,6666,479624,0.0989
2022-04-17,2022,2,4,15,False,106343.51,72146.39,38836.85,68885.46,60207.5,14609.73,96.33,1241829,32295,471100,27212,3363440,137854,58811,8160,108.46,108.01,False,110.49,68.75,9403790.05,2247879.15,42659,5119,438727,0.0972
2022-04-24,2022,2,4,16,False,106026.32,72293.57,45329.94,63841.77,54600.68,16057.06,111.54,1297550,35599,574389,36463,3502986,132146,75217,8403,110.87,110.2,False,111.44,63.97,8983478.35,2240218.75,47184,6953,476832,0.099
2022-05-01,2022,2,5,17,False,88326.66,69257.39,43384.12,65284.14,56125.7,15031.72,90.63,1277607,32020,515959,28479,3398871,110192,71896,8430,107.77,112.77,False,111.65,71.94,8561823.13,2252672.4,41758,5024,469850,0.0889
2022-05-08,2022,2,5,18,False,110766.46,65040.16,50550.93,61061.23,57664.71,14241.51,104.07,1236776,32577,566672,32245,3202852,100099,57482,5834,111.7,111.59,True,112.16,72.3,8355966.71,2465921.04,48512,6723,490416,0.0989
2022-05-15,2022,2,5,19,False,82052.15,70154.21,47334.96,64477.44,57344.24,14302.49,92.27,1276353,26432,545443,37280,3486234,105587,68571,10153,111.64,109.04,True,110.29,65.4,9422945.24,2182108.25,41908,5204,489198,0.0857
2022-05-22,2022,2,5,20,False,101286.24,66678.71,54403.09,62389.09,59580.42,14591.3,97.87,1204889,27162,606713,33860,3299835,107199,67158,8958,107.17,115.59,False,112.73,72.43,9248995.73,2180397.28,41190,5967,454081,0.0907
2022-05-29,2022,2,5,21,False,116684.79,75269.29,58372.29,65092.21,65766.92,14526.96,120.54,1290158,30471,672852,39967,3545652,153749,59827,8774,108.73,119.41,False,111.74,63.67,9139357.96,2178266.5,41933,6096,463538,0.0905
2022-06-05,2022,2,6,22,False,84253.65,70026.37,46857.03,77682.71,57418.8,14079.36,92.09,1270220,31406,571436,38745,3954591,132965,57499,6513,110.62,113.28,False,112.04,67.23,9172164.02,2006668.28,40311,4207,448393,0.0899
2022-06-12,2022,2,6,23,False,87891.7,67039.55,51073.49,66042.45,62248.31,13932.52,88.92,1174264,24021,611178,39209,3543089,125120,64932,8478,110.7,110.21,True,111.26,69.3,8638796.33,2171354.56,41410,6080,428247,0.0967
2022-06-19,2022,2,6,24,False,93964.37,70001.23,53466.97,87875.23,56603.57,13795.87,106.52,1119528,23958,623149,31932,4107172,129705,60643,8121,108.98,108.5,False,110.61,70.38,8361316.47,2263256.17,44808,6330,465804,0.0962
2022-06-26,2022,2,6,25,False,87364.44,74147.71,48708.71,75346.71,69601.89,13134.64,87.95,1339445,30496,559075,29600,3931766,131067,69614,8066,112.25,114.15,False,111.66,69.6,8138941.45,2225710.19,42653,5952,453734,0.094
2022-07-03,2022,3,7,26,False,72668.69,69770.84,47644.69,73765.27,53442.36,13638.07,83.68,1307875,38863,582544,29218,3780532,142860,66892,9525,112.03,116.91,True,111.84,64.87,8041111.44,2321875.32,44310,4876,495704,0.0894
2022-07-10,2022,3,7,27,False,88351.63,69013.8,41932.7,67739.06,74045.35,12255.94,93.19,1134925,26459,546352,34211,3500051,136909,60020,8844,111.18,115.24,False,110.32,72.06,9149797.44,2061899.27,43119,6047,449315,0.096
2022-07-17,2022,3,7,28,False,76552.78,74905.04,41586.52,77287.6,60111.38,13880.7,89.45,1276537,31684,528413,31151,3893358,131129,65516,9450,110.08,114.03,False,112.56,66.04,8256406.08,2064180.04,40012,5702,409432,0.0977
2022-07-24,2022,3,7,29,False,91441.22,75496.44,39131.29,69792.23,49790.42,13020.59,101.74,1365307,29983,503615,26533,3434063,105995,66800,9148,113.7,112.48,False,112.82,63.9,8991034.38,1907292.11,38425,4398,458808,0.0838
2022-07-31,2022,3,7,30,False,77060.72,72342.07,42293.89,74102.53,63073.25,12935.74,83.49,1397948,36497,500726,34629,3807281,136550,64104,7299,114.9,111.18,True,111.16,64.07,8332190.12,2258535.55,44922,6631,451198,0.0996
2022-08-07,2022,3,8,31,False,101324.66,73143.6,39778.18,88819.98,57418.26,14249.37,97.16,1306141,29788,503352,30499,4172717,139840,66564,7593,110.59,117.17,False,110.93,76.65,8050977.13,2211092.59,43998,4509,510616,0.0862
2022-08-14,2022,3,8,32,False,77584.3,77294.44,41261.63,72937.26,70415.18,15491.62,86.02,1320115,29134,490481,26896,3589591,119509,63024,9338,110.28,117.61,False,111.72,63.36,7806849.87,2181013.15,43469,4672,503200,0.0864
2022-08-21,2022,3,8,33,False,81809.36,69538.99,41102.78,80429.3,59296.1,15048.08,83.5,1250594,31472,509009,30546,3836498,170332,81868,8228,112.42,110.43,False,112.11,73.66,8026391.46,2236036.01,42151,5348,446575,0.0944
2022-08-28,2022,3,8,34,False,92800.36,70393.48,43555.83,69301.37,61777.01,12589.4,104.97,1339299,26859,489707,31141,3705155,145407,53229,7228,110.64,120.02,False,111.89,61.67,8997556.85,2098354.81,44393,5717,455977,0.0974
2022-09-04,2022,3,9,35,False,72014.25,74492.45,46650.03,73264.95,51060.46,13200.42,80.15,1289604,25890,516018,26587,3673638,140895,59164,8005,110.98,117.16,False,112.16,69.95,7715862.92,2218554.69,47654,6302,490421,0.0972
2022-09-11,2022,3,9,36,False,86278.08,77670.06,51934.8,84022.91,63388.19,15160.96,88.36,1321167,29317,595496,33046,4266039,154586,58634,7689,112.63,119.81,False,112.52,69.17,9287461.36,2044588.32,44319,4469,505009,0.0878
2022-09-18,2022,3,9,37,False,96778.77,80939.52,51809.03,69529.5,48443.6,13267.85,98.66,1376847,28042,585544,38727,3548584,129289,63637,9514,107.2,111.76,False,111.0,75.97,7781520.06,1890026.43,36250,5365,409106,0.0886
2022-09-25,2022,3,9,38,False,67359.99,87400.83,55483.59,84030.47,55988.15,14055.85,69.1,1430699,30159,631369,37372,3942190,150250,64211,7422,113.51,111.86,False,111.19,64.79,8551175.29,2117541.74,43702,4467,505445,0.0865
2022-10-02,2022,4,10,39,False,105829.18,84939.22,61410.58,77239.45,75562.8,14860.68,99.19,1455228,34035,671622,40922,3765675,152308,69804,8166,110.87,115.67,True,109.8,63.62,8079615.29,1956972.13,38933,4171,462334,0.0842
2022-10-09,2022,4,10,40,False,106301.32,80462.38,57328.12,69429.5,76579.98,13372.42,110.37,1476432,41378,644013,37775,3722118,150865,52584,5465,109.73,117.77,False,113.54,67.91,7969687.72,2082515.78,41842,4213,476326,0.0878
2022-10-16,2022,4,10,41,False,111271.09,81759.09,52294.87,76385.91,74503.97,14476.29,104.48,1427053,36704,618398,31462,3831695,124819,70342,8591,110.19,121.8,True,112.69,77.05,7473689.98,2275772.32,47188,6056,486593,0.097
2022-10-23,2022,4,10,42,False,90864.77,77411.33,54656.52,78191.45,64162.52,13067.03,88.28,1345333,33803,610542,32551,3855890,144602,56259,6360,110.1,118.67,False,113.81,64.55,8041361.78,2085866.65,40343,5914,423075,0.0954
2022-10-30,2022,4,10,43,False,89842.49,82875.92,47125.4,75830.92,72304.61,13829.83,95.46,1409772,32332,555312,32713,3843698,139062,61994,7263,106.51,115.95,False,111.71,56.28,7494315.4,2251659.24,45263,6033,528881,0.0856
2022-11-06,2022,4,11,44,False,108110.89,82041.57,39406.68,62403.77,73434.1,14781.13,111.54,1336150,39172,531172,28780,3389764,145956,70388,9976,112.75,113.72,False,112.95,69.79,7217327.82,1836617.42,37085,5233,386374,0.096
2022-11-13,2022,4,11,45,False,105737.64,85584.12,39917.04,67170.39,64959.99,12898.5,107.58,1500943,35977,499350,25466,3627908,143198,61057,8961,109.62,120.61,False,113.23,74.51,8104345.51,2044803.09,40518,4078,411063,0.0986
2022-11-20,2022,4,11,46,False,105181.15,80286.98,35339.81,69741.23,87004.18,14962.11,108.58,1389177,28993,453991,30359,3754688,142631,67952,7426,110.2,114.13,False,112.54,64.98,7715048.63,2023080.32,39327,4998,448594,0.0877
2022-11-27,2022,4,11,47,False,106081.44,87437.37,38764.22,70459.92,82730.85,14532.14,100.44,1469774,38464,491198,34199,3599861,114226,68949,8179,110.98,122.01,True,111.64,74.59,8864943.43,2012026.92,41845,5146,452144,0.0925
2022-12-04,2022,4,12,48,False,95789.93,92884.93,39750.12,74299.88,74662.87,15134.41,89.92,1702359,35985,493777,32521,3640829,142300,68970,10099,106.79,116.36,False,115.03,65.47,8514593.11,1933856.84,37372,4669,442490,0.0845
2022-12-11,2022,4,12,49,False,104918.53,85019.67,45632.44,71302.65,77346.82,14835.98,110.92,1464993,34357,530562,35587,3624878,115119,64195,6617,109.53,122.07,False,114.78,70.23,8856922.98,1976339.54,37360,3870,422188,0.0885
2022-12-18,2022,4,12,50,False,105565.25,87874.74,43412.82,61878.4,79481.31,16006.35,102.25,1446382,36266,504542,27668,3345908,117301,68666,7183,107.8,119.41,True,113.1,75.05,7663207.44,2051644.4,43515,5840,443021,0.0982
2022-12-25,2022,4,12,51,False,95562.33,89579.24,44293.12,71821.27,62143.18,14797.58,95.62,1482745,42617,517900,35845,3588494,115343,66840,7228,109.78,117.03,True,114.09,65.68,8068981.3,2129800.31,42127,5272,501131,0.0841
2023-01-01,2023,1,1,52,False,104332.75,84343.9,50325.72,72851.01,77141.68,14273.09,109.65,1499400,37388,609016,32849,3626059,146424,59662,7741,103.58,115.94,False,113.19,72.87,6689664.52,2006926.97,40634,5617,427354,0.0951
2023-01-08,2023,1,1,1,False,90527.5,87650.91,44091.17,72193.66,74283.5,14854.94,96.05,1486988,40182,519523,35862,3732613,123526,70939,7627,107.39,116.53,False,112.78,78.38,7860011.24,2098413.67,40826,5073,435798,0.0937
2023-01-15,2023,1,1,2,False,74017.66,86732.98,53949.81,74969.22,72323.95,15306.09,83.29,1398535,41855,612609,42819,3792332,136060,68799,10210,106.13,118.89,False,115.71,75.03,8052898.07,2148060.76,45158,4853,487920,0.0926
2023-01-22,2023,1,1,3,False,92665.08,87257.62,57384.46,73142.09,78661.98,14841.79,105.63,1522631,32454,661219,42473,3735456,162250,66292,8109,107.95,117.87,False,112.33,69.42,8085230.92,2114001.27,39693,5255,401003,0.099
2023-01-29,2023,1,1,4,False,76548.84,82963.88,51544.37,70554.23,95841.63,14863.67,79.72,1392014,31664,590150,41088,3563395,117822,71949,8999,107.78,115.89,True,113.81,80.98,7993398.05,2143606.64,45819,4976,503689,0.091
2023-02-05,2023,1,2,5,False,94389.79,86972.8,59287.5,67047.48,87110.9,14151.23,100.68,1566958,37522,674404,41402,3488623,131231,63156,7094,105.19,117.19,False,114.28,77.06,8056065.46,2120531.72,42829,6151,438854,0.0976
2023-02-12,2023,1,2,6,False,98355.24,89324.67,55738.3,57182.9,77912.64,14220.46,99.13,1555072,37661,592198,32683,3049035,110646,63062,7791,104.94,117.94,False,115.96,64.84,6676138.87,2180161.27,42858,5599,462957,0.0926
2023-02-19,2023,1,2,7,False,78839.73,94039.7,51487.84,69419.49,87533.82,13510.9,86.01,1533738,36978,593339,34852,3687193,111618,59300,7892,105.92,111.33,False,115.32,78.85,8172657.09,2139683.87,44001,4746,470880,0.0934
2023-02-26,2023,1,2,8,False,96984.35,91496.6,52052.29,67796.01,94591.61,16693.23,105.52,1590577,46247,603195,37320,3642585,152592,73288,10081,104.12,119.09,False,112.86,72.06,8299836.31,2274236.55,47072,6972,543487,0.0866
2023-03-05,2023,1,3,9,False,91809.01,97351.7,54137.45,67904.41,91209.37,13729.93,96.73,1597661,43361,618561,31832,3358402,104230,63964,8807,107.39,114.77,False,114.65,76.3,8742471.1,2200031.08,43612,5491,506186,0.0862
2023-03-12,2023,1,3,10,False,96258.78,82606.47,45167.72,58358.38,84676.25,14311.04,100.06,1463759,38173,503063,31414,3093574,114814,60928,7853,104.76,114.23,False,114.79,80.75,8274927.3,2284872.85,45555,4721,469535,0.097
2023-03-19,2023,1,3,11,False,107389.22,90636.93,43146.72,59297.19,79381.52,14315.68,110.48,1540709,35580,557297,38801,3072669,118021,63385,9204,99.49,112.61,False,114.66,73.37,8044031.84,1861097.84,37213,4887,399412,0.0932
2023-03-26,2023,1,3,12,False,86376.4,87001.86,39582.17,71889.61,90471.07,15959.16,88.43,1431320,40417,474971,25554,3622322,142815,66056,9305,104.38,112.27,True,115.63,68.29,8682438.48,2210269.42,42737,4814,459286,0.0931
2023-04-02,2023,2,4,13,False,81727.5,96824.93,37941.09,65144.73,88331.54,14799.43,82.63,1556047,45982,490218,32281,3433257,138461,62262,8583,102.88,113.56,False,113.72,84.45,6973573.82,2099834.26,42669,5981,439621,0.0971
2023-04-09,2023,2,4,14,False,80829.59,81609.49,43551.74,69308.22,92613.37,16372.26,80.93,1460590,41206,530878,36183,3449171,116578,61957,6367,101.54,115.46,False,114.85,83.16,7918726.04,2135999.04,42180,5942,489166,0.0862
2023-04-16,2023,2,4,15,False,82051.47,81215.22,40034.77,65253.6,90770.93,14481.17,77.24,1387584,27773,525396,36186,3353441,101105,63639,6385,102.18,123.41,False,115.86,77.31,7818918.78,2071698.0,42290,6299,482728,0.0876
2023-04-23,2023,2,4,16,False,89947.99,82171.1,45138.26,65155.43,94293.09,15463.8,103.13,1395690,36796,598825,41440,3341601,136509,59329,6563,104.75,115.92,True,116.19,82.43,8211827.05,2302147.23,47662,5962,494769,0.0963
2023-04-30,2023,2,4,17,False,94664.21,74297.88,46294.32,70529.82,81791.17,14379.6,90.72,1271729,26084,521597,31519,3659090,139172,62161,8278,107.07,117.98,False,115.79,76.72,7158621.55,1973755.98,39929,4901,428585,0.0932
2023-05-07,2023,2,5,18,False,94577.12,82036.64,52093.29,61758.31,96757.79,17390.25,95.07,1435430,32406,585332,40707,3322303,141336,70588,8510,104.94,118.6,True,115.48,79.47,8948255.29,2316621.36,47275,6508,482760,0.0979
2023-05-14,2023,2,5,19,False,100663.0,80620.28,54337.57,65418.06,87914.25,14087.64,99.08,1500240,30897,624308,40671,3379529,143024,68815,8266,103.02,117.73,False,115.78,78.67,8195563.68,2113503.23,43042,4589,484507,0.0888
2023-05-21,2023,2,5,20,False,93125.12,84924.62,58538.8,62087.72,103019.64,15615.21,96.67,1395543,36337,625103,33276,3345420,142681,63230,9119,105.08,117.05,False,116.78,78.16,8513430.61,2153549.26,41152,5240,421516,0.0976
2023-05-28,2023,2,5,21,False,108156.9,85647.96,55130.03,62308.55,80957.59,15969.31,109.72,1458759,39190,645447,38428,3281350,122317,65579,9494,103.2,113.63,False,116.21,82.01,8500643.35,2262217.07,45708,5819,547221,0.0835
2023-06-04,2023,2,6,22,False,91623.5,93099.94,56074.83,63149.49,100381.98,15779.47,98.36,1615814,34166,654466,42125,3340306,116925,66899,9731,102.7,121.5,True,115.27,74.59,9056877.99,2329503.08,47859,5000,553316,0.0865
2023-06-11,2023,2,6,23,False,122141.82,88267.96,53140.39,66461.75,88070.62,15210.53,112.11,1484635,35391,623979,34285,3657505,153152,64160,7422,101.77,122.5,False,115.22,79.77,7532629.78,2352826.45,47003,5682,506722,0.0928
2023-06-18,2023,2,6,24,False,101887.89,80448.23,53015.37,62416.77,81239.28,15296.14,100.48,1417645,34820,614903,38623,3474119,127741,74171,9979,100.58,111.96,False,115.1,83.01,8559139.09,2156297.14,42946,6126,479163,0.0896
2023-06-25,2023,2,6,25,False,87771.22,78680.9,53062.25,73020.33,82513.42,15499.92,92.69,1320383,31280,643608,40761,3597869,117836,62258,7071,103.32,113.87,False,118.19,91.03,9116807.22,2282886.41,47933,6845,566701,0.0846
2023-07-02,2023,3,7,26,False,82482.4,85499.06,51414.72,60351.11,83726.66,15339.25,86.14,1477189,31331,567168,30203,3345279,143260,65560,7180,104.46,116.03,False,117.68,76.4,8536793.21,2354766.63,47664,5002,529464,0.09
2023-07-09,2023,3,7,27,False,98736.88,76333.81,43590.66,64866.97,89559.26,16480.27,107.15,1335334,32301,532642,32651,3512462,151873,72592,7929,104.01,113.9,False,116.91,85.23,8153510.46,2321335.05,47064,4919,487068,0.0966
2023-07-16,2023,3,7,28,False,92416.36,92019.3,46548.07,63655.68,90197.22,17757.06,97.08,1581912,43521,537509,35170,3271518,121028,79141,9267,103.45,118.24,False,116.71,86.17,8371809.63,2348441.02,47294,5350,508765,0.093
2023-07-23,2023,3,7,29,False,102547.26,88720.01,46277.74,75318.02,81246.27,15019.19,105.45,1553319,32169,575965,34545,3891433,121161,64568,7844,102.48,114.46,True,116.73,74.02,8523103.32,2506646.0,48719,7002,569344,0.0856
2023-07-30,2023,3,7,30,False,100912.72,80473.47,42643.35,68193.47,85435.78,14237.02,103.95,1524811,31718,477072,23969,3707364,132788,54436,7705,105.71,123.07,True,118.55,85.83,8406037.24,2399610.68,47731,5080,538810,0.0886
2023-08-06,2023,3,8,31,False,96241.35,74287.64,47257.8,73618.62,102537.67,15548.69,103.22,1348339,31750,561198,28161,3636927,152943,67350,7138,101.99,120.07,False,119.51,88.55,8738270.06,2310244.45,44041,5989,497734,0.0885
2023-08-13,2023,3,8,32,False,89306.57,89695.42,40539.95,58962.44,98963.67,18246.82,93.29,1521718,44764,513096,29318,3117827,135708,82933,11340,106.32,117.07,False,117.15,87.46,9617994.21,2412614.18,48274,5071,566439,0.0852
2023-08-20,2023,3,8,33,False,83445.83,82465.95,41216.95,69960.47,88353.5,14893.59,81.62,1429146,38137,486913,33365,3719544,122938,67490,8542,102.93,119.44,False,119.04,84.45,8615419.65,2363276.55,44130,5788,520206,0.0848
2023-08-27,2023,3,8,34,False,94963.21,89380.9,42294.99,74211.59,84863.16,17366.52,98.45,1484073,39753,504257,27519,3797444,117738,74763,8552,103.61,119.61,True,118.08,86.89,8721487.38,2606447.48,53107,6256,628774,0.0845
2023-09-03,2023,3,9,35,False,108840.01,75413.8,55048.34,69915.46,85193.19,17435.25,102.85,1350250,31891,625627,39218,3671297,158454,68470,8534,102.38,114.54,True,118.0,86.42,9247381.07,2548953.35,52598,7334,535959,0.0981
2023-09-10,2023,3,9,36,False,103277.53,80624.2,55327.04,76393.81,88793.45,15234.1,99.64,1382391,35854,651334,35459,3881622,139121,61305,7049,104.53,113.72,False,119.87,77.46,8983143.47,2354201.89,46075,5145,510895,0.0902
2023-09-17,2023,3,9,37,False,89551.98,83923.16,55517.73,67506.41,75334.91,16386.82,95.5,1445361,29053,603148,34037,3567541,136017,70740,9182,107.71,116.35,True,118.51,87.2,8459872.02,2570264.93,48745,6432,559648,0.0871
2023-09-24,2023,3,9,38,False,104625.46,84447.84,58066.67,79704.15,81070.82,17476.38,109.41,1509101,39781,627586,42023,3830879,170554,66775,8126,107.04,118.64,False,118.97,84.72,9148580.17,2367210.19,50107,5601,576933,0.0869
2023-10-01,2023,4,10,39,False,133589.07,82317.77,54420.41,85706.7,69375.51,15499.0,122.58,1367314,39833,648381,41870,4274917,132515,71855,7776,108.22,116.43,True,119.08,83.34,9185187.42,2663452.51,53692,7285,602073,0.0892
2023-10-08,2023,4,10,40,False,122028.73,88075.43,64664.5,70427.32,85495.2,15704.69,116.5,1543337,40320,693008,35972,3751620,149032,64345,6809,107.58,111.23,False,117.36,99.59,9778629.4,2371129.85,48610,6984,502317,0.0968
2023-10-15,2023,4,10,41,False,133547.6,80052.49,56273.11,70646.57,87040.29,15356.73,130.96,1456075,41843,615510,36052,3619639,112612,67388,8580,104.61,113.51,False,119.43,93.73,8861518.22,2654577.39,52789,5613,612090,0.0862
2023-10-22,2023,4,10,42,False,133746.21,85142.57,53993.57,82777.64,77543.81,14953.8,123.78,1445618,39378,635049,32122,4065557,144864,56837,8248,106.45,115.66,True,118.74,81.99,9896153.63,2654309.31,53064,7605,607074,0.0874
2023-10-29,2023,4,10,43,False,122897.96,86952.12,53139.43,84293.24,93534.3,15349.42,128.53,1366955,28987,597781,35638,3968813,166917,65520,7678,105.85,115.63,False,118.04,89.75,9414020.86,2538468.43,48176,6247,490066,0.0983
2023-11-05,2023,4,11,44,False,139077.89,89448.89,49576.58,72455.99,70657.18,14804.91,128.8,1472139,42728,606746,38375,3759061,137213,59874,8181,110.39,121.75,True,119.1,95.57,8967397.84,2757940.69,55399,5891,605379,0.0915
2023-11-12,2023,4,11,45,False,142288.09,90988.03,46225.45,73866.34,68258.28,16093.07,119.2,1585432,32762,536686,28106,3815213,171523,58151,7730,105.65,111.65,False,119.25,81.05,8925848.64,2617658.38,49624,6023,513509,0.0966
2023-11-19,2023,4,11,46,False,148697.87,82384.33,41193.26,75506.03,81269.27,15319.16,135.78,1417300,35913,506405,28246,3809990,146249,70105,10275,110.16,117.32,False,120.97,89.15,10606684.19,2736252.5,55423,5988,591644,0.0937
2023-11-26,2023,4,11,47,False,149598.41,80935.78,43845.67,69952.26,87342.54,16353.06,134.48,1350974,28939,556807,32270,3729916,129866,78754,11108,110.5,120.26,False,119.03,89.62,9619112.98,2747101.53,52978,7153,531702,0.0996
2023-12-03,2023,4,12,48,False,126481.68,95611.51,47953.44,73340.12,91922.36,14593.53,124.32,1549027,31161,562021,38436,3705840,123410,70792,9084,112.71,122.61,False,119.47,82.84,10227178.7,2656457.52,52647,7262,568628,0.0926
2023-12-10,2023,4,12,49,False,132082.06,91516.03,47251.89,73669.0,74259.5,16510.45,124.87,1568784,37996,580752,40574,3807438,134241,74431,9888,108.58,114.59,False,120.65,91.32,8964942.55,2573138.1,48132,5067,534255,0.0901
2023-12-17,2023,4,12,50,False,147815.57,86754.37,49824.1,75935.44,86035.49,17043.24,130.77,1498039,34380,581451,29594,3729422,132722,70549,10223,111.17,117.29,True,119.25,95.19,11198090.45,2724972.03,57921,7257,650989,0.089
2023-12-24,2023,4,12,51,False,149009.97,98902.3,46029.27,81186.9,76570.65,14246.12,126.08,1600055,39777,601177,39208,4012642,124515,68085,8168,114.66,117.55,True,120.08,97.33,10386216.26,2791481.42,58555,8240,663258,0.0883
2023-12-31,2023,4,12,52,False,150230.48,92378.37,47481.19,83655.29,74968.98,16644.06,131.92,1518468,39133,602977,34631,4082627,145111,77544,9021,109.21,116.45,False,119.24,88.71,9872279.89,2814208.47,52442,7698,612133,0.0857
